{
  "daily_max_loss_used": 233671.30350609307,
  "input": "/Users/vishnu/Documents/Temper/trading_datasets/calm_trader.csv",
  "k_repeat": 20,
  "review_headline": "WINNER",
  "rows": 200000,
  "slowest_stage": "write_temp_input",
  "stages": {
    "counterfactual": {
      "rows": 200000,
      "rows_per_second": 4841682.081110081,
      "seconds": 0.041307957988465205
    },
    "detect": {
      "rows": 200000,
      "rows_per_second": 4253644.843124043,
      "seconds": 0.04701849998673424
    },
    "load_csv": {
      "rows": 10000,
      "rows_per_second": 1959759.8559517628,
      "seconds": 0.005102666007587686
    },
    "normalize": {
      "rows": 200000,
      "rows_per_second": 1380177.3151921448,
      "seconds": 0.1449089169909712
    },
    "repeat_in_memory": {
      "rows": 200000,
      "rows_per_second": 120216365.10212004,
      "seconds": 0.0016636670043226331
    },
    "review": {
      "rows": 200000,
      "rows_per_second": 3431345.896521387,
      "seconds": 0.05828616701182909
    },
    "risk_recommend": {
      "rows": 200000,
      "rows_per_second": 6831301.022637247,
      "seconds": 0.029276999994181097
    },
    "write_temp_input": {
      "rows": 200000,
      "rows_per_second": 469905.3975195352,
      "seconds": 0.4256175839982461
    }
  },
  "summary": {
    "cost_of_bias": 9794.571585255604,
    "delta_pnl": 9794.571585255604,
    "outcome": "WINNER"
  },
  "total_rows_per_second": 265171.0432914479,
  "total_seconds": 0.7542301659996156
}
